Region;ZoneName;ZIP
CA;CA (A);90049
CA;CA (A);90263
CA;CA (A);90265
CA;CA (A);90272
CA;CA (A);90290
CA;CA (A);91011
CA;CA (A);91020
CA;CA (A);91040
CA;CA (A);91042
CA;CA (A);91046
CA;CA (A);91201
CA;CA (A);91202
CA;CA (A);91207
CA;CA (A);91208
CA;CA (A);91214
CA;CA (A);91301
CA;CA (A);91302
CA;CA (A);91303
CA;CA (A);91304
CA;CA (A);91306
CA;CA (A);91307
CA;CA (A);91311
CA;CA (A);91316
CA;CA (A);91320
CA;CA (A);91321
CA;CA (A);91324
CA;CA (A);91325
CA;CA (A);91326
CA;CA (A);91330
CA;CA (A);91331
CA;CA (A);91335
CA;CA (A);91340
CA;CA (A);91342
CA;CA (A);91343
CA;CA (A);91344
CA;CA (A);91345
CA;CA (A);91350
CA;CA (A);91351
CA;CA (A);91352
CA;CA (A);91354
CA;CA (A);91355
CA;CA (A);91356
CA;CA (A);91360
CA;CA (A);91361
CA;CA (A);91362
CA;CA (A);91364
CA;CA (A);91367
CA;CA (A);91371
CA;CA (A);91377
CA;CA (A);91381
CA;CA (A);91387
CA;CA (A);91401
CA;CA (A);91402
CA;CA (A);91405
CA;CA (A);91406
CA;CA (A);91411
CA;CA (A);91436
CA;CA (A);91501
CA;CA (A);91502
CA;CA (A);91504
CA;CA (A);91505
CA;CA (A);91506
CA;CA (A);91601
CA;CA (A);91602
CA;CA (A);91605
CA;CA (A);91606
CA;CA (A);91607
CA;CA (A);93001
CA;CA (A);93003
CA;CA (A);93004
CA;CA (A);93010
CA;CA (A);93012
CA;CA (A);93013
CA;CA (A);93021
CA;CA (A);93022
CA;CA (A);93030
CA;CA (A);93033
CA;CA (A);93035
CA;CA (A);93036
CA;CA (A);93041
CA;CA (A);93043
CA;CA (A);93063
CA;CA (A);93064
CA;CA (A);93065
CA;CA (A);93066
CA;CA (A);93067
CA;CA (A);93101
CA;CA (A);93103
CA;CA (A);93105
CA;CA (A);93106
CA;CA (A);93108
CA;CA (A);93109
CA;CA (A);93110
CA;CA (A);93111
CA;CA (A);93117
CA;CA (C);91701
CA;CA (C);91702
CA;CA (C);91708
CA;CA (C);91709
CA;CA (C);91710
CA;CA (C);91711
CA;CA (C);91722
CA;CA (C);91723
CA;CA (C);91724
CA;CA (C);91730
CA;CA (C);91737
CA;CA (C);91739
CA;CA (C);91740
CA;CA (C);91741
CA;CA (C);91748
CA;CA (C);91750
CA;CA (C);91752
CA;CA (C);91761
CA;CA (C);91762
CA;CA (C);91763
CA;CA (C);91764
CA;CA (C);91765
CA;CA (C);91766
CA;CA (C);91767
CA;CA (C);91768
CA;CA (C);91773
CA;CA (C);91784
CA;CA (C);91786
CA;CA (C);91789
CA;CA (C);91791
CA;CA (C);91792
CA;CA (C);92201
CA;CA (C);92203
CA;CA (C);92210
CA;CA (C);92211
CA;CA (C);92220
CA;CA (C);92223
CA;CA (C);92230
CA;CA (C);92234
CA;CA (C);92240
CA;CA (C);92241
CA;CA (C);92253
CA;CA (C);92258
CA;CA (C);92260
CA;CA (C);92262
CA;CA (C);92264
CA;CA (C);92270
CA;CA (C);92276
CA;CA (C);92282
CA;CA (C);92313
CA;CA (C);92316
CA;CA (C);92320
CA;CA (C);92324
CA;CA (C);92335
CA;CA (C);92336
CA;CA (C);92337
CA;CA (C);92346
CA;CA (C);92350
CA;CA (C);92354
CA;CA (C);92369
CA;CA (C);92373
CA;CA (C);92374
CA;CA (C);92376
CA;CA (C);92377
CA;CA (C);92401
CA;CA (C);92404
CA;CA (C);92405
CA;CA (C);92408
CA;CA (C);92410
CA;CA (C);92411
CA;CA (C);92415
CA;CA (C);92501
CA;CA (C);92503
CA;CA (C);92504
CA;CA (C);92505
CA;CA (C);92506
CA;CA (C);92507
CA;CA (C);92508
CA;CA (C);92509
CA;CA (C);92518
CA;CA (C);92521
CA;CA (C);92548
CA;CA (C);92551
CA;CA (C);92553
CA;CA (C);92555
CA;CA (C);92557
CA;CA (C);92567
CA;CA (C);92570
CA;CA (C);92571
CA;CA (C);92585
CA;CA (C);92860
CA;CA (C);92879
CA;CA (C);92880
CA;CA (C);92881
CA;CA (C);92882
CA;CA (C);92883
CA;CA (D);90248
CA;CA (D);90274
CA;CA (D);90275
CA;CA (D);90277
CA;CA (D);90501
CA;CA (D);90502
CA;CA (D);90503
CA;CA (D);90504
CA;CA (D);90505
CA;CA (D);90620
CA;CA (D);90621
CA;CA (D);90623
CA;CA (D);90630
CA;CA (D);90631
CA;CA (D);90680
CA;CA (D);90710
CA;CA (D);90712
CA;CA (D);90713
CA;CA (D);90715
CA;CA (D);90716
CA;CA (D);90717
CA;CA (D);90720
CA;CA (D);90731
CA;CA (D);90732
CA;CA (D);90740
CA;CA (D);90742
CA;CA (D);90743
CA;CA (D);90744
CA;CA (D);90745
CA;CA (D);90746
CA;CA (D);90747
CA;CA (D);90755
CA;CA (D);90802
CA;CA (D);90803
CA;CA (D);90804
CA;CA (D);90805
CA;CA (D);90806
CA;CA (D);90807
CA;CA (D);90808
CA;CA (D);90810
CA;CA (D);90813
CA;CA (D);90814
CA;CA (D);90815
CA;CA (D);90822
CA;CA (D);90831
CA;CA (D);90840
CA;CA (D);91941
CA;CA (D);91942
CA;CA (D);91945
CA;CA (D);91950
CA;CA (D);91977
CA;CA (D);92003
CA;CA (D);92007
CA;CA (D);92008
CA;CA (D);92009
CA;CA (D);92010
CA;CA (D);92011
CA;CA (D);92014
CA;CA (D);92020
CA;CA (D);92024
CA;CA (D);92025
CA;CA (D);92026
CA;CA (D);92027
CA;CA (D);92028
CA;CA (D);92029
CA;CA (D);92037
CA;CA (D);92054
CA;CA (D);92055
CA;CA (D);92056
CA;CA (D);92057
CA;CA (D);92058
CA;CA (D);92064
CA;CA (D);92067
CA;CA (D);92069
CA;CA (D);92071
CA;CA (D);92075
CA;CA (D);92078
CA;CA (D);92081
CA;CA (D);92083
CA;CA (D);92084
CA;CA (D);92091
CA;CA (D);92092
CA;CA (D);92093
CA;CA (D);92096
CA;CA (D);92101
CA;CA (D);92102
CA;CA (D);92103
CA;CA (D);92104
CA;CA (D);92105
CA;CA (D);92106
CA;CA (D);92107
CA;CA (D);92108
CA;CA (D);92109
CA;CA (D);92110
CA;CA (D);92111
CA;CA (D);92113
CA;CA (D);92114
CA;CA (D);92115
CA;CA (D);92116
CA;CA (D);92117
CA;CA (D);92118
CA;CA (D);92119
CA;CA (D);92120
CA;CA (D);92121
CA;CA (D);92122
CA;CA (D);92123
CA;CA (D);92124
CA;CA (D);92126
CA;CA (D);92127
CA;CA (D);92128
CA;CA (D);92129
CA;CA (D);92130
CA;CA (D);92131
CA;CA (D);92132
CA;CA (D);92134
CA;CA (D);92135
CA;CA (D);92136
CA;CA (D);92139
CA;CA (D);92140
CA;CA (D);92145
CA;CA (D);92147
CA;CA (D);92155
CA;CA (D);92161
CA;CA (D);92182
CA;CA (D);92530
CA;CA (D);92532
CA;CA (D);92562
CA;CA (D);92563
CA;CA (D);92584
CA;CA (D);92586
CA;CA (D);92587
CA;CA (D);92590
CA;CA (D);92591
CA;CA (D);92595
CA;CA (D);92602
CA;CA (D);92603
CA;CA (D);92604
CA;CA (D);92606
CA;CA (D);92610
CA;CA (D);92612
CA;CA (D);92614
CA;CA (D);92617
CA;CA (D);92618
CA;CA (D);92620
CA;CA (D);92624
CA;CA (D);92625
CA;CA (D);92626
CA;CA (D);92627
CA;CA (D);92629
CA;CA (D);92630
CA;CA (D);92637
CA;CA (D);92646
CA;CA (D);92647
CA;CA (D);92648
CA;CA (D);92649
CA;CA (D);92651
CA;CA (D);92653
CA;CA (D);92655
CA;CA (D);92656
CA;CA (D);92657
CA;CA (D);92660
CA;CA (D);92661
CA;CA (D);92662
CA;CA (D);92663
CA;CA (D);92672
CA;CA (D);92673
CA;CA (D);92675
CA;CA (D);92676
CA;CA (D);92677
CA;CA (D);92678
CA;CA (D);92679
CA;CA (D);92683
CA;CA (D);92688
CA;CA (D);92691
CA;CA (D);92692
CA;CA (D);92694
CA;CA (D);92697
CA;CA (D);92701
CA;CA (D);92703
CA;CA (D);92704
CA;CA (D);92705
CA;CA (D);92706
CA;CA (D);92707
CA;CA (D);92708
CA;CA (D);92780
CA;CA (D);92782
CA;CA (D);92801
CA;CA (D);92802
CA;CA (D);92804
CA;CA (D);92805
CA;CA (D);92806
CA;CA (D);92807
CA;CA (D);92808
CA;CA (D);92821
CA;CA (D);92823
CA;CA (D);92831
CA;CA (D);92832
CA;CA (D);92833
CA;CA (D);92835
CA;CA (D);92840
CA;CA (D);92841
CA;CA (D);92843
CA;CA (D);92844
CA;CA (D);92845
CA;CA (D);92861
CA;CA (D);92865
CA;CA (D);92866
CA;CA (D);92867
CA;CA (D);92868
CA;CA (D);92869
CA;CA (D);92870
CA;CA (D);92886
CA;CA (D);92887
CA;CA (LA);90001
CA;CA (LA);90002
CA;CA (LA);90003
CA;CA (LA);90004
CA;CA (LA);90005
CA;CA (LA);90006
CA;CA (LA);90007
CA;CA (LA);90008
CA;CA (LA);90010
CA;CA (LA);90011
CA;CA (LA);90012
CA;CA (LA);90013
CA;CA (LA);90014
CA;CA (LA);90015
CA;CA (LA);90016
CA;CA (LA);90017
CA;CA (LA);90018
CA;CA (LA);90019
CA;CA (LA);90020
CA;CA (LA);90021
CA;CA (LA);90022
CA;CA (LA);90023
CA;CA (LA);90024
CA;CA (LA);90025
CA;CA (LA);90026
CA;CA (LA);90027
CA;CA (LA);90028
CA;CA (LA);90029
CA;CA (LA);90031
CA;CA (LA);90032
CA;CA (LA);90033
CA;CA (LA);90034
CA;CA (LA);90035
CA;CA (LA);90036
CA;CA (LA);90037
CA;CA (LA);90038
CA;CA (LA);90039
CA;CA (LA);90040
CA;CA (LA);90041
CA;CA (LA);90042
CA;CA (LA);90043
CA;CA (LA);90044
CA;CA (LA);90045
CA;CA (LA);90046
CA;CA (LA);90047
CA;CA (LA);90048
CA;CA (LA);90052
CA;CA (LA);90056
CA;CA (LA);90057
CA;CA (LA);90058
CA;CA (LA);90059
CA;CA (LA);90061
CA;CA (LA);90062
CA;CA (LA);90063
CA;CA (LA);90064
CA;CA (LA);90065
CA;CA (LA);90066
CA;CA (LA);90067
CA;CA (LA);90068
CA;CA (LA);90069
CA;CA (LA);90071
CA;CA (LA);90073
CA;CA (LA);90077
CA;CA (LA);90079
CA;CA (LA);90089
CA;CA (LA);90094
CA;CA (LA);90095
CA;CA (LA);90201
CA;CA (LA);90210
CA;CA (LA);90211
CA;CA (LA);90212
CA;CA (LA);90220
CA;CA (LA);90221
CA;CA (LA);90222
CA;CA (LA);90230
CA;CA (LA);90232
CA;CA (LA);90240
CA;CA (LA);90241
CA;CA (LA);90242
CA;CA (LA);90245
CA;CA (LA);90247
CA;CA (LA);90249
CA;CA (LA);90250
CA;CA (LA);90254
CA;CA (LA);90255
CA;CA (LA);90260
CA;CA (LA);90262
CA;CA (LA);90266
CA;CA (LA);90270
CA;CA (LA);90278
CA;CA (LA);90280
CA;CA (LA);90291
CA;CA (LA);90292
CA;CA (LA);90293
CA;CA (LA);90301
CA;CA (LA);90302
CA;CA (LA);90303
CA;CA (LA);90304
CA;CA (LA);90305
CA;CA (LA);90401
CA;CA (LA);90402
CA;CA (LA);90403
CA;CA (LA);90404
CA;CA (LA);90405
CA;CA (LA);90506
CA;CA (LA);90601
CA;CA (LA);90602
CA;CA (LA);90603
CA;CA (LA);90604
CA;CA (LA);90605
CA;CA (LA);90606
CA;CA (LA);90638
CA;CA (LA);90639
CA;CA (LA);90640
CA;CA (LA);90650
CA;CA (LA);90660
CA;CA (LA);90670
CA;CA (LA);90701
CA;CA (LA);90703
CA;CA (LA);90706
CA;CA (LA);90723
CA;CA (LA);91001
CA;CA (LA);91006
CA;CA (LA);91007
CA;CA (LA);91008
CA;CA (LA);91010
CA;CA (LA);91016
CA;CA (LA);91024
CA;CA (LA);91030
CA;CA (LA);91101
CA;CA (LA);91103
CA;CA (LA);91104
CA;CA (LA);91105
CA;CA (LA);91106
CA;CA (LA);91107
CA;CA (LA);91108
CA;CA (LA);91125
CA;CA (LA);91203
CA;CA (LA);91204
CA;CA (LA);91205
CA;CA (LA);91206
CA;CA (LA);91210
CA;CA (LA);91403
CA;CA (LA);91423
CA;CA (LA);91604
CA;CA (LA);91608
CA;CA (LA);91706
CA;CA (LA);91731
CA;CA (LA);91732
CA;CA (LA);91733
CA;CA (LA);91744
CA;CA (LA);91745
CA;CA (LA);91746
CA;CA (LA);91754
CA;CA (LA);91755
CA;CA (LA);91770
CA;CA (LA);91775
CA;CA (LA);91776
CA;CA (LA);91780
CA;CA (LA);91790
CA;CA (LA);91801
CA;CA (LA);91803
CA;CA (SF);94002
CA;CA (SF);94005
CA;CA (SF);94010
CA;CA (SF);94014
CA;CA (SF);94015
CA;CA (SF);94022
CA;CA (SF);94024
CA;CA (SF);94025
CA;CA (SF);94027
CA;CA (SF);94028
CA;CA (SF);94030
CA;CA (SF);94040
CA;CA (SF);94041
CA;CA (SF);94043
CA;CA (SF);94061
CA;CA (SF);94062
CA;CA (SF);94063
CA;CA (SF);94065
CA;CA (SF);94066
CA;CA (SF);94070
CA;CA (SF);94080
CA;CA (SF);94085
CA;CA (SF);94086
CA;CA (SF);94087
CA;CA (SF);94089
CA;CA (SF);94102
CA;CA (SF);94103
CA;CA (SF);94104
CA;CA (SF);94105
CA;CA (SF);94107
CA;CA (SF);94108
CA;CA (SF);94109
CA;CA (SF);94110
CA;CA (SF);94111
CA;CA (SF);94112
CA;CA (SF);94114
CA;CA (SF);94115
CA;CA (SF);94116
CA;CA (SF);94117
CA;CA (SF);94118
CA;CA (SF);94121
CA;CA (SF);94122
CA;CA (SF);94123
CA;CA (SF);94124
CA;CA (SF);94127
CA;CA (SF);94128
CA;CA (SF);94129
CA;CA (SF);94130
CA;CA (SF);94131
CA;CA (SF);94132
CA;CA (SF);94133
CA;CA (SF);94134
CA;CA (SF);94158
CA;CA (SF);94188
CA;CA (SF);94301
CA;CA (SF);94303
CA;CA (SF);94304
CA;CA (SF);94305
CA;CA (SF);94306
CA;CA (SF);94401
CA;CA (SF);94402
CA;CA (SF);94403
CA;CA (SF);94404
CA;CA (SF);94501
CA;CA (SF);94502
CA;CA (SF);94503
CA;CA (SF);94506
CA;CA (SF);94507
CA;CA (SF);94510
CA;CA (SF);94516
CA;CA (SF);94517
CA;CA (SF);94518
CA;CA (SF);94519
CA;CA (SF);94520
CA;CA (SF);94521
CA;CA (SF);94523
CA;CA (SF);94525
CA;CA (SF);94526
CA;CA (SF);94528
CA;CA (SF);94530
CA;CA (SF);94533
CA;CA (SF);94534
CA;CA (SF);94536
CA;CA (SF);94538
CA;CA (SF);94539
CA;CA (SF);94541
CA;CA (SF);94542
CA;CA (SF);94544
CA;CA (SF);94545
CA;CA (SF);94546
CA;CA (SF);94547
CA;CA (SF);94549
CA;CA (SF);94552
CA;CA (SF);94553
CA;CA (SF);94555
CA;CA (SF);94556
CA;CA (SF);94559
CA;CA (SF);94560
CA;CA (SF);94563
CA;CA (SF);94564
CA;CA (SF);94565
CA;CA (SF);94568
CA;CA (SF);94569
CA;CA (SF);94572
CA;CA (SF);94575
CA;CA (SF);94577
CA;CA (SF);94578
CA;CA (SF);94579
CA;CA (SF);94580
CA;CA (SF);94582
CA;CA (SF);94583
CA;CA (SF);94587
CA;CA (SF);94588
CA;CA (SF);94589
CA;CA (SF);94590
CA;CA (SF);94591
CA;CA (SF);94592
CA;CA (SF);94595
CA;CA (SF);94596
CA;CA (SF);94597
CA;CA (SF);94598
CA;CA (SF);94601
CA;CA (SF);94602
CA;CA (SF);94603
CA;CA (SF);94605
CA;CA (SF);94606
CA;CA (SF);94607
CA;CA (SF);94608
CA;CA (SF);94609
CA;CA (SF);94610
CA;CA (SF);94611
CA;CA (SF);94612
CA;CA (SF);94613
CA;CA (SF);94618
CA;CA (SF);94619
CA;CA (SF);94621
CA;CA (SF);94702
CA;CA (SF);94703
CA;CA (SF);94704
CA;CA (SF);94705
CA;CA (SF);94706
CA;CA (SF);94707
CA;CA (SF);94708
CA;CA (SF);94709
CA;CA (SF);94710
CA;CA (SF);94720
CA;CA (SF);94801
CA;CA (SF);94803
CA;CA (SF);94804
CA;CA (SF);94805
CA;CA (SF);94806
CA;CA (SF);94901
CA;CA (SF);94903
CA;CA (SF);94904
CA;CA (SF);94920
CA;CA (SF);94925
CA;CA (SF);94928
CA;CA (SF);94930
CA;CA (SF);94931
CA;CA (SF);94939
CA;CA (SF);94941
CA;CA (SF);94945
CA;CA (SF);94946
CA;CA (SF);94947
CA;CA (SF);94949
CA;CA (SF);94951
CA;CA (SF);94954
CA;CA (SF);94957
CA;CA (SF);94960
CA;CA (SF);94964
CA;CA (SF);94965
CA;CA (SF);95002
CA;CA (SF);95008
CA;CA (SF);95013
CA;CA (SF);95014
CA;CA (SF);95030
CA;CA (SF);95032
CA;CA (SF);95035
CA;CA (SF);95050
CA;CA (SF);95051
CA;CA (SF);95053
CA;CA (SF);95054
CA;CA (SF);95070
CA;CA (SF);95110
CA;CA (SF);95111
CA;CA (SF);95112
CA;CA (SF);95113
CA;CA (SF);95116
CA;CA (SF);95117
CA;CA (SF);95118
CA;CA (SF);95119
CA;CA (SF);95120
CA;CA (SF);95121
CA;CA (SF);95122
CA;CA (SF);95123
CA;CA (SF);95124
CA;CA (SF);95125
CA;CA (SF);95126
CA;CA (SF);95127
CA;CA (SF);95128
CA;CA (SF);95129
CA;CA (SF);95130
CA;CA (SF);95131
CA;CA (SF);95132
CA;CA (SF);95133
CA;CA (SF);95134
CA;CA (SF);95136
CA;CA (SF);95138
CA;CA (SF);95139
CA;CA (SF);95148
CA;CA (SF);95401
CA;CA (SF);95403
CA;CA (SF);95404
CA;CA (SF);95405
CA;CA (SF);95407
CA;CA (SF);95409
CA;CA (SF);95419
CA;CA (SF);95431
CA;CA (SF);95436
CA;CA (SF);95439
CA;CA (SF);95442
CA;CA (SF);95444
CA;CA (SF);95452
CA;CA (SF);95472
CA;CA (SF);95476
CA;CA (SF);95492
CA;CA (SF);95605
CA;CA (SF);95608
CA;CA (SF);95610
CA;CA (SF);95612
CA;CA (SF);95616
CA;CA (SF);95618
CA;CA (SF);95620
CA;CA (SF);95621
CA;CA (SF);95624
CA;CA (SF);95625
CA;CA (SF);95628
CA;CA (SF);95630
CA;CA (SF);95639
CA;CA (SF);95650
CA;CA (SF);95652
CA;CA (SF);95655
CA;CA (SF);95660
CA;CA (SF);95661
CA;CA (SF);95662
CA;CA (SF);95663
CA;CA (SF);95670
CA;CA (SF);95671
CA;CA (SF);95673
CA;CA (SF);95677
CA;CA (SF);95678
CA;CA (SF);95687
CA;CA (SF);95688
CA;CA (SF);95691
CA;CA (SF);95742
CA;CA (SF);95746
CA;CA (SF);95747
CA;CA (SF);95758
CA;CA (SF);95762
CA;CA (SF);95765
CA;CA (SF);95811
CA;CA (SF);95814
CA;CA (SF);95815
CA;CA (SF);95816
CA;CA (SF);95817
CA;CA (SF);95818
CA;CA (SF);95819
CA;CA (SF);95820
CA;CA (SF);95821
CA;CA (SF);95822
CA;CA (SF);95823
CA;CA (SF);95824
CA;CA (SF);95825
CA;CA (SF);95826
CA;CA (SF);95827
CA;CA (SF);95828
CA;CA (SF);95829
CA;CA (SF);95830
CA;CA (SF);95831
CA;CA (SF);95832
CA;CA (SF);95833
CA;CA (SF);95834
CA;CA (SF);95835
CA;CA (SF);95837
CA;CA (SF);95838
CA;CA (SF);95841
CA;CA (SF);95842
CA;CA (SF);95843
CA;CA (SF);95864
NY;Boston;01701
NY;Boston;01702
NY;Boston;01718
NY;Boston;01720
NY;Boston;01721
NY;Boston;01730
NY;Boston;01731
NY;Boston;01741
NY;Boston;01742
NY;Boston;01745
NY;Boston;01746
NY;Boston;01754
NY;Boston;01760
NY;Boston;01770
NY;Boston;01773
NY;Boston;01776
NY;Boston;01778
NY;Boston;01801
NY;Boston;01803
NY;Boston;01821
NY;Boston;01862
NY;Boston;01864
NY;Boston;01867
NY;Boston;01880
NY;Boston;01887
NY;Boston;01890
NY;Boston;01901
NY;Boston;01902
NY;Boston;01904
NY;Boston;01905
NY;Boston;01906
NY;Boston;01907
NY;Boston;01908
NY;Boston;01940
NY;Boston;01945
NY;Boston;01960
NY;Boston;01970
NY;Boston;02021
NY;Boston;02025
NY;Boston;02026
NY;Boston;02030
NY;Boston;02032
NY;Boston;02035
NY;Boston;02038
NY;Boston;02043
NY;Boston;02048
NY;Boston;02052
NY;Boston;02053
NY;Boston;02054
NY;Boston;02056
NY;Boston;02062
NY;Boston;02067
NY;Boston;02071
NY;Boston;02072
NY;Boston;02081
NY;Boston;02090
NY;Boston;02093
NY;Boston;02108
NY;Boston;02109
NY;Boston;02110
NY;Boston;02111
NY;Boston;02113
NY;Boston;02114
NY;Boston;02115
NY;Boston;02116
NY;Boston;02118
NY;Boston;02119
NY;Boston;02120
NY;Boston;02121
NY;Boston;02122
NY;Boston;02124
NY;Boston;02125
NY;Boston;02126
NY;Boston;02127
NY;Boston;02128
NY;Boston;02129
NY;Boston;02130
NY;Boston;02131
NY;Boston;02132
NY;Boston;02133
NY;Boston;02134
NY;Boston;02135
NY;Boston;02136
NY;Boston;02138
NY;Boston;02139
NY;Boston;02140
NY;Boston;02141
NY;Boston;02142
NY;Boston;02143
NY;Boston;02144
NY;Boston;02145
NY;Boston;02148
NY;Boston;02149
NY;Boston;02150
NY;Boston;02151
NY;Boston;02152
NY;Boston;02155
NY;Boston;02163
NY;Boston;02169
NY;Boston;02170
NY;Boston;02171
NY;Boston;02176
NY;Boston;02180
NY;Boston;02184
NY;Boston;02186
NY;Boston;02188
NY;Boston;02189
NY;Boston;02190
NY;Boston;02191
NY;Boston;02199
NY;Boston;02203
NY;Boston;02205
NY;Boston;02210
NY;Boston;02215
NY;Boston;02301
NY;Boston;02302
NY;Boston;02322
NY;Boston;02343
NY;Boston;02351
NY;Boston;02356
NY;Boston;02357
NY;Boston;02368
NY;Boston;02375
NY;Boston;02420
NY;Boston;02421
NY;Boston;02445
NY;Boston;02446
NY;Boston;02451
NY;Boston;02452
NY;Boston;02453
NY;Boston;02457
NY;Boston;02458
NY;Boston;02459
NY;Boston;02460
NY;Boston;02461
NY;Boston;02462
NY;Boston;02464
NY;Boston;02465
NY;Boston;02466
NY;Boston;02467
NY;Boston;02468
NY;Boston;02472
NY;Boston;02474
NY;Boston;02476
NY;Boston;02478
NY;Boston;02481
NY;Boston;02482
NY;Boston;02492
NY;Boston;02493
NY;Boston;02494
NY;Boston;02703
NY;Boston;02760
NY;Boston;02762
NY;Boston;02763
NY;Boston;02766
NY;Boston;02802
NY;Boston;02804
NY;Boston;02808
NY;Boston;02812
NY;Boston;02813
NY;Boston;02816
NY;Boston;02817
NY;Boston;02818
NY;Boston;02822
NY;Boston;02823
NY;Boston;02832
NY;Boston;02833
NY;Boston;02836
NY;Boston;02838
NY;Boston;02852
NY;Boston;02860
NY;Boston;02861
NY;Boston;02863
NY;Boston;02864
NY;Boston;02865
NY;Boston;02873
NY;Boston;02874
NY;Boston;02875
NY;Boston;02886
NY;Boston;02888
NY;Boston;02889
NY;Boston;02891
NY;Boston;02892
NY;Boston;02893
NY;Boston;02894
NY;Boston;02898
NY;Boston;02903
NY;Boston;02904
NY;Boston;02905
NY;Boston;02906
NY;Boston;02907
NY;Boston;02908
NY;Boston;02909
NY;Boston;02910
NY;Boston;02911
NY;Boston;02912
NY;Boston;02914
NY;Boston;02916
NY;Boston;02918
NY;Boston;02920
NY;Boston;06320
NY;Boston;06333
NY;Boston;06340
NY;Boston;06355
NY;Boston;06357
NY;Boston;06359
NY;Boston;06371
NY;Boston;06375
NY;Boston;06376
NY;Boston;06378
NY;Boston;06379
NY;Boston;06385
NY;Boston;06405
NY;Boston;06413
NY;Boston;06419
NY;Boston;06437
NY;Boston;06439
NY;Boston;06443
NY;Boston;06471
NY;Boston;06475
NY;Boston;06498
NY;NY (DC);19701
NY;NY (DC);19702
NY;NY (DC);19711
NY;NY (DC);19713
NY;NY (DC);19716
NY;NY (DC);19717
NY;NY (DC);19720
NY;NY (DC);20001
NY;NY (DC);20002
NY;NY (DC);20003
NY;NY (DC);20004
NY;NY (DC);20005
NY;NY (DC);20006
NY;NY (DC);20007
NY;NY (DC);20008
NY;NY (DC);20009
NY;NY (DC);20010
NY;NY (DC);20011
NY;NY (DC);20012
NY;NY (DC);20015
NY;NY (DC);20016
NY;NY (DC);20017
NY;NY (DC);20018
NY;NY (DC);20019
NY;NY (DC);20020
NY;NY (DC);20024
NY;NY (DC);20032
NY;NY (DC);20036
NY;NY (DC);20037
NY;NY (DC);20045
NY;NY (DC);20052
NY;NY (DC);20057
NY;NY (DC);20059
NY;NY (DC);20064
NY;NY (DC);20204
NY;NY (DC);20220
NY;NY (DC);20230
NY;NY (DC);20240
NY;NY (DC);20245
NY;NY (DC);20250
NY;NY (DC);20260
NY;NY (DC);20317
NY;NY (DC);20319
NY;NY (DC);20373
NY;NY (DC);20388
NY;NY (DC);20390
NY;NY (DC);20408
NY;NY (DC);20415
NY;NY (DC);20418
NY;NY (DC);20422
NY;NY (DC);20427
NY;NY (DC);20431
NY;NY (DC);20510
NY;NY (DC);20515
NY;NY (DC);20520
NY;NY (DC);20530
NY;NY (DC);20535
NY;NY (DC);20540
NY;NY (DC);20542
NY;NY (DC);20551
NY;NY (DC);20560
NY;NY (DC);20565
NY;NY (DC);20566
NY;NY (DC);20591
NY;NY (DC);20701
NY;NY (DC);20705
NY;NY (DC);20706
NY;NY (DC);20707
NY;NY (DC);20708
NY;NY (DC);20710
NY;NY (DC);20712
NY;NY (DC);20721
NY;NY (DC);20722
NY;NY (DC);20723
NY;NY (DC);20724
NY;NY (DC);20735
NY;NY (DC);20737
NY;NY (DC);20740
NY;NY (DC);20742
NY;NY (DC);20743
NY;NY (DC);20744
NY;NY (DC);20745
NY;NY (DC);20746
NY;NY (DC);20747
NY;NY (DC);20748
NY;NY (DC);20755
NY;NY (DC);20759
NY;NY (DC);20762
NY;NY (DC);20763
NY;NY (DC);20769
NY;NY (DC);20770
NY;NY (DC);20771
NY;NY (DC);20774
NY;NY (DC);20777
NY;NY (DC);20781
NY;NY (DC);20782
NY;NY (DC);20783
NY;NY (DC);20784
NY;NY (DC);20785
NY;NY (DC);20794
NY;NY (DC);20812
NY;NY (DC);20814
NY;NY (DC);20815
NY;NY (DC);20816
NY;NY (DC);20817
NY;NY (DC);20818
NY;NY (DC);20832
NY;NY (DC);20850
NY;NY (DC);20851
NY;NY (DC);20852
NY;NY (DC);20853
NY;NY (DC);20854
NY;NY (DC);20855
NY;NY (DC);20860
NY;NY (DC);20861
NY;NY (DC);20862
NY;NY (DC);20866
NY;NY (DC);20868
NY;NY (DC);20877
NY;NY (DC);20880
NY;NY (DC);20889
NY;NY (DC);20892
NY;NY (DC);20894
NY;NY (DC);20895
NY;NY (DC);20896
NY;NY (DC);20899
NY;NY (DC);20901
NY;NY (DC);20902
NY;NY (DC);20903
NY;NY (DC);20904
NY;NY (DC);20905
NY;NY (DC);20906
NY;NY (DC);20910
NY;NY (DC);20912
NY;NY (DC);21001
NY;NY (DC);21009
NY;NY (DC);21010
NY;NY (DC);21013
NY;NY (DC);21014
NY;NY (DC);21015
NY;NY (DC);21017
NY;NY (DC);21028
NY;NY (DC);21029
NY;NY (DC);21030
NY;NY (DC);21031
NY;NY (DC);21040
NY;NY (DC);21042
NY;NY (DC);21043
NY;NY (DC);21044
NY;NY (DC);21045
NY;NY (DC);21046
NY;NY (DC);21047
NY;NY (DC);21051
NY;NY (DC);21052
NY;NY (DC);21057
NY;NY (DC);21060
NY;NY (DC);21061
NY;NY (DC);21075
NY;NY (DC);21076
NY;NY (DC);21077
NY;NY (DC);21078
NY;NY (DC);21082
NY;NY (DC);21085
NY;NY (DC);21087
NY;NY (DC);21090
NY;NY (DC);21093
NY;NY (DC);21117
NY;NY (DC);21128
NY;NY (DC);21130
NY;NY (DC);21131
NY;NY (DC);21144
NY;NY (DC);21153
NY;NY (DC);21156
NY;NY (DC);21162
NY;NY (DC);21201
NY;NY (DC);21202
NY;NY (DC);21204
NY;NY (DC);21205
NY;NY (DC);21206
NY;NY (DC);21207
NY;NY (DC);21208
NY;NY (DC);21209
NY;NY (DC);21210
NY;NY (DC);21211
NY;NY (DC);21212
NY;NY (DC);21213
NY;NY (DC);21214
NY;NY (DC);21215
NY;NY (DC);21216
NY;NY (DC);21217
NY;NY (DC);21218
NY;NY (DC);21219
NY;NY (DC);21220
NY;NY (DC);21221
NY;NY (DC);21222
NY;NY (DC);21223
NY;NY (DC);21224
NY;NY (DC);21225
NY;NY (DC);21226
NY;NY (DC);21227
NY;NY (DC);21228
NY;NY (DC);21229
NY;NY (DC);21230
NY;NY (DC);21231
NY;NY (DC);21233
NY;NY (DC);21234
NY;NY (DC);21236
NY;NY (DC);21237
NY;NY (DC);21239
NY;NY (DC);21240
NY;NY (DC);21244
NY;NY (DC);21250
NY;NY (DC);21251
NY;NY (DC);21252
NY;NY (DC);21285
NY;NY (DC);21286
NY;NY (DC);21287
NY;NY (DC);21901
NY;NY (DC);21902
NY;NY (DC);21903
NY;NY (DC);21904
NY;NY (DC);21911
NY;NY (DC);21914
NY;NY (DC);21917
NY;NY (DC);21920
NY;NY (DC);21921
NY;NY (DC);22003
NY;NY (DC);22015
NY;NY (DC);22027
NY;NY (DC);22030
NY;NY (DC);22031
NY;NY (DC);22032
NY;NY (DC);22035
NY;NY (DC);22041
NY;NY (DC);22042
NY;NY (DC);22043
NY;NY (DC);22044
NY;NY (DC);22046
NY;NY (DC);22060
NY;NY (DC);22101
NY;NY (DC);22102
NY;NY (DC);22150
NY;NY (DC);22151
NY;NY (DC);22152
NY;NY (DC);22153
NY;NY (DC);22180
NY;NY (DC);22181
NY;NY (DC);22182
NY;NY (DC);22201
NY;NY (DC);22202
NY;NY (DC);22203
NY;NY (DC);22204
NY;NY (DC);22205
NY;NY (DC);22206
NY;NY (DC);22207
NY;NY (DC);22209
NY;NY (DC);22211
NY;NY (DC);22213
NY;NY (DC);22214
NY;NY (DC);22301
NY;NY (DC);22302
NY;NY (DC);22303
NY;NY (DC);22304
NY;NY (DC);22305
NY;NY (DC);22306
NY;NY (DC);22307
NY;NY (DC);22308
NY;NY (DC);22309
NY;NY (DC);22310
NY;NY (DC);22311
NY;NY (DC);22312
NY;NY (DC);22314
NY;NY (DC);22315
NY;NY (LI);11542
NY;NY (LI);11545
NY;NY (LI);11547
NY;NY (LI);11548
NY;NY (LI);11560
NY;NY (LI);11579
NY;NY (LI);11701
NY;NY (LI);11702
NY;NY (LI);11703
NY;NY (LI);11704
NY;NY (LI);11705
NY;NY (LI);11706
NY;NY (LI);11709
NY;NY (LI);11713
NY;NY (LI);11714
NY;NY (LI);11715
NY;NY (LI);11716
NY;NY (LI);11717
NY;NY (LI);11718
NY;NY (LI);11719
NY;NY (LI);11720
NY;NY (LI);11721
NY;NY (LI);11722
NY;NY (LI);11724
NY;NY (LI);11725
NY;NY (LI);11726
NY;NY (LI);11727
NY;NY (LI);11729
NY;NY (LI);11730
NY;NY (LI);11731
NY;NY (LI);11732
NY;NY (LI);11733
NY;NY (LI);11735
NY;NY (LI);11738
NY;NY (LI);11739
NY;NY (LI);11740
NY;NY (LI);11741
NY;NY (LI);11742
NY;NY (LI);11743
NY;NY (LI);11746
NY;NY (LI);11747
NY;NY (LI);11749
NY;NY (LI);11751
NY;NY (LI);11752
NY;NY (LI);11753
NY;NY (LI);11754
NY;NY (LI);11755
NY;NY (LI);11756
NY;NY (LI);11757
NY;NY (LI);11758
NY;NY (LI);11762
NY;NY (LI);11763
NY;NY (LI);11764
NY;NY (LI);11765
NY;NY (LI);11766
NY;NY (LI);11767
NY;NY (LI);11768
NY;NY (LI);11769
NY;NY (LI);11770
NY;NY (LI);11771
NY;NY (LI);11772
NY;NY (LI);11776
NY;NY (LI);11777
NY;NY (LI);11778
NY;NY (LI);11779
NY;NY (LI);11780
NY;NY (LI);11782
NY;NY (LI);11783
NY;NY (LI);11784
NY;NY (LI);11786
NY;NY (LI);11787
NY;NY (LI);11788
NY;NY (LI);11789
NY;NY (LI);11790
NY;NY (LI);11791
NY;NY (LI);11792
NY;NY (LI);11793
NY;NY (LI);11794
NY;NY (LI);11795
NY;NY (LI);11796
NY;NY (LI);11797
NY;NY (LI);11798
NY;NY (LI);11801
NY;NY (LI);11803
NY;NY (LI);11804
NY;NY (LI);11901
NY;NY (LI);11930
NY;NY (LI);11931
NY;NY (LI);11932
NY;NY (LI);11933
NY;NY (LI);11934
NY;NY (LI);11935
NY;NY (LI);11937
NY;NY (LI);11939
NY;NY (LI);11940
NY;NY (LI);11941
NY;NY (LI);11942
NY;NY (LI);11944
NY;NY (LI);11946
NY;NY (LI);11947
NY;NY (LI);11948
NY;NY (LI);11949
NY;NY (LI);11950
NY;NY (LI);11951
NY;NY (LI);11952
NY;NY (LI);11953
NY;NY (LI);11954
NY;NY (LI);11955
NY;NY (LI);11956
NY;NY (LI);11957
NY;NY (LI);11958
NY;NY (LI);11959
NY;NY (LI);11960
NY;NY (LI);11961
NY;NY (LI);11962
NY;NY (LI);11963
NY;NY (LI);11964
NY;NY (LI);11965
NY;NY (LI);11967
NY;NY (LI);11968
NY;NY (LI);11970
NY;NY (LI);11971
NY;NY (LI);11972
NY;NY (LI);11973
NY;NY (LI);11975
NY;NY (LI);11976
NY;NY (LI);11977
NY;NY (LI);11978
NY;NY (LI);11980
NY;NY (NORTH);06401
NY;NY (NORTH);06418
NY;NY (NORTH);06460
NY;NY (NORTH);06461
NY;NY (NORTH);06468
NY;NY (NORTH);06470
NY;NY (NORTH);06473
NY;NY (NORTH);06477
NY;NY (NORTH);06478
NY;NY (NORTH);06482
NY;NY (NORTH);06483
NY;NY (NORTH);06484
NY;NY (NORTH);06488
NY;NY (NORTH);06510
NY;NY (NORTH);06511
NY;NY (NORTH);06512
NY;NY (NORTH);06513
NY;NY (NORTH);06514
NY;NY (NORTH);06515
NY;NY (NORTH);06516
NY;NY (NORTH);06517
NY;NY (NORTH);06519
NY;NY (NORTH);06525
NY;NY (NORTH);06604
NY;NY (NORTH);06605
NY;NY (NORTH);06606
NY;NY (NORTH);06607
NY;NY (NORTH);06608
NY;NY (NORTH);06610
NY;NY (NORTH);06611
NY;NY (NORTH);06612
NY;NY (NORTH);06614
NY;NY (NORTH);06615
NY;NY (NORTH);06752
NY;NY (NORTH);06776
NY;NY (NORTH);06783
NY;NY (NORTH);06784
NY;NY (NORTH);06801
NY;NY (NORTH);06804
NY;NY (NORTH);06807
NY;NY (NORTH);06810
NY;NY (NORTH);06811
NY;NY (NORTH);06812
NY;NY (NORTH);06820
NY;NY (NORTH);06824
NY;NY (NORTH);06825
NY;NY (NORTH);06830
NY;NY (NORTH);06831
NY;NY (NORTH);06840
NY;NY (NORTH);06850
NY;NY (NORTH);06851
NY;NY (NORTH);06853
NY;NY (NORTH);06854
NY;NY (NORTH);06855
NY;NY (NORTH);06870
NY;NY (NORTH);06877
NY;NY (NORTH);06878
NY;NY (NORTH);06880
NY;NY (NORTH);06883
NY;NY (NORTH);06890
NY;NY (NORTH);06896
NY;NY (NORTH);06897
NY;NY (NORTH);06901
NY;NY (NORTH);06902
NY;NY (NORTH);06903
NY;NY (NORTH);06905
NY;NY (NORTH);06906
NY;NY (NORTH);06907
NY;NY (NORTH);07003
NY;NY (NORTH);07004
NY;NY (NORTH);07005
NY;NY (NORTH);07006
NY;NY (NORTH);07009
NY;NY (NORTH);07011
NY;NY (NORTH);07012
NY;NY (NORTH);07013
NY;NY (NORTH);07014
NY;NY (NORTH);07016
NY;NY (NORTH);07017
NY;NY (NORTH);07018
NY;NY (NORTH);07020
NY;NY (NORTH);07021
NY;NY (NORTH);07024
NY;NY (NORTH);07026
NY;NY (NORTH);07027
NY;NY (NORTH);07028
NY;NY (NORTH);07031
NY;NY (NORTH);07033
NY;NY (NORTH);07034
NY;NY (NORTH);07035
NY;NY (NORTH);07039
NY;NY (NORTH);07040
NY;NY (NORTH);07041
NY;NY (NORTH);07042
NY;NY (NORTH);07043
NY;NY (NORTH);07044
NY;NY (NORTH);07045
NY;NY (NORTH);07046
NY;NY (NORTH);07050
NY;NY (NORTH);07052
NY;NY (NORTH);07054
NY;NY (NORTH);07055
NY;NY (NORTH);07057
NY;NY (NORTH);07058
NY;NY (NORTH);07068
NY;NY (NORTH);07070
NY;NY (NORTH);07071
NY;NY (NORTH);07072
NY;NY (NORTH);07073
NY;NY (NORTH);07074
NY;NY (NORTH);07075
NY;NY (NORTH);07078
NY;NY (NORTH);07079
NY;NY (NORTH);07081
NY;NY (NORTH);07082
NY;NY (NORTH);07083
NY;NY (NORTH);07088
NY;NY (NORTH);07090
NY;NY (NORTH);07092
NY;NY (NORTH);07103
NY;NY (NORTH);07104
NY;NY (NORTH);07106
NY;NY (NORTH);07107
NY;NY (NORTH);07108
NY;NY (NORTH);07109
NY;NY (NORTH);07110
NY;NY (NORTH);07111
NY;NY (NORTH);07112
NY;NY (NORTH);07204
NY;NY (NORTH);07205
NY;NY (NORTH);07208
NY;NY (NORTH);07401
NY;NY (NORTH);07403
NY;NY (NORTH);07405
NY;NY (NORTH);07407
NY;NY (NORTH);07410
NY;NY (NORTH);07417
NY;NY (NORTH);07420
NY;NY (NORTH);07423
NY;NY (NORTH);07424
NY;NY (NORTH);07430
NY;NY (NORTH);07432
NY;NY (NORTH);07436
NY;NY (NORTH);07440
NY;NY (NORTH);07442
NY;NY (NORTH);07444
NY;NY (NORTH);07446
NY;NY (NORTH);07450
NY;NY (NORTH);07452
NY;NY (NORTH);07456
NY;NY (NORTH);07457
NY;NY (NORTH);07458
NY;NY (NORTH);07463
NY;NY (NORTH);07465
NY;NY (NORTH);07470
NY;NY (NORTH);07481
NY;NY (NORTH);07501
NY;NY (NORTH);07502
NY;NY (NORTH);07503
NY;NY (NORTH);07504
NY;NY (NORTH);07505
NY;NY (NORTH);07506
NY;NY (NORTH);07508
NY;NY (NORTH);07512
NY;NY (NORTH);07513
NY;NY (NORTH);07514
NY;NY (NORTH);07522
NY;NY (NORTH);07524
NY;NY (NORTH);07601
NY;NY (NORTH);07603
NY;NY (NORTH);07604
NY;NY (NORTH);07605
NY;NY (NORTH);07606
NY;NY (NORTH);07607
NY;NY (NORTH);07608
NY;NY (NORTH);07620
NY;NY (NORTH);07621
NY;NY (NORTH);07624
NY;NY (NORTH);07626
NY;NY (NORTH);07627
NY;NY (NORTH);07628
NY;NY (NORTH);07630
NY;NY (NORTH);07631
NY;NY (NORTH);07632
NY;NY (NORTH);07640
NY;NY (NORTH);07641
NY;NY (NORTH);07642
NY;NY (NORTH);07643
NY;NY (NORTH);07644
NY;NY (NORTH);07645
NY;NY (NORTH);07646
NY;NY (NORTH);07647
NY;NY (NORTH);07648
NY;NY (NORTH);07649
NY;NY (NORTH);07650
NY;NY (NORTH);07652
NY;NY (NORTH);07656
NY;NY (NORTH);07660
NY;NY (NORTH);07661
NY;NY (NORTH);07662
NY;NY (NORTH);07663
NY;NY (NORTH);07666
NY;NY (NORTH);07670
NY;NY (NORTH);07675
NY;NY (NORTH);07676
NY;NY (NORTH);07677
NY;NY (NORTH);07801
NY;NY (NORTH);07803
NY;NY (NORTH);07820
NY;NY (NORTH);07821
NY;NY (NORTH);07825
NY;NY (NORTH);07828
NY;NY (NORTH);07834
NY;NY (NORTH);07836
NY;NY (NORTH);07838
NY;NY (NORTH);07840
NY;NY (NORTH);07842
NY;NY (NORTH);07843
NY;NY (NORTH);07844
NY;NY (NORTH);07846
NY;NY (NORTH);07847
NY;NY (NORTH);07849
NY;NY (NORTH);07850
NY;NY (NORTH);07852
NY;NY (NORTH);07853
NY;NY (NORTH);07856
NY;NY (NORTH);07857
NY;NY (NORTH);07860
NY;NY (NORTH);07866
NY;NY (NORTH);07869
NY;NY (NORTH);07870
NY;NY (NORTH);07874
NY;NY (NORTH);07876
NY;NY (NORTH);07878
NY;NY (NORTH);07880
NY;NY (NORTH);07885
NY;NY (NORTH);07901
NY;NY (NORTH);07920
NY;NY (NORTH);07922
NY;NY (NORTH);07924
NY;NY (NORTH);07926
NY;NY (NORTH);07927
NY;NY (NORTH);07928
NY;NY (NORTH);07930
NY;NY (NORTH);07931
NY;NY (NORTH);07932
NY;NY (NORTH);07933
NY;NY (NORTH);07934
NY;NY (NORTH);07935
NY;NY (NORTH);07936
NY;NY (NORTH);07939
NY;NY (NORTH);07940
NY;NY (NORTH);07945
NY;NY (NORTH);07946
NY;NY (NORTH);07950
NY;NY (NORTH);07960
NY;NY (NORTH);07961
NY;NY (NORTH);07970
NY;NY (NORTH);07974
NY;NY (NORTH);07976
NY;NY (NORTH);07977
NY;NY (NORTH);07980
NY;NY (NORTH);07981
NY;NY (NORTH);10501
NY;NY (NORTH);10504
NY;NY (NORTH);10505
NY;NY (NORTH);10506
NY;NY (NORTH);10507
NY;NY (NORTH);10509
NY;NY (NORTH);10510
NY;NY (NORTH);10511
NY;NY (NORTH);10512
NY;NY (NORTH);10514
NY;NY (NORTH);10516
NY;NY (NORTH);10517
NY;NY (NORTH);10518
NY;NY (NORTH);10519
NY;NY (NORTH);10520
NY;NY (NORTH);10523
NY;NY (NORTH);10524
NY;NY (NORTH);10526
NY;NY (NORTH);10527
NY;NY (NORTH);10532
NY;NY (NORTH);10535
NY;NY (NORTH);10536
NY;NY (NORTH);10537
NY;NY (NORTH);10540
NY;NY (NORTH);10541
NY;NY (NORTH);10542
NY;NY (NORTH);10545
NY;NY (NORTH);10546
NY;NY (NORTH);10547
NY;NY (NORTH);10548
NY;NY (NORTH);10549
NY;NY (NORTH);10560
NY;NY (NORTH);10562
NY;NY (NORTH);10566
NY;NY (NORTH);10567
NY;NY (NORTH);10570
NY;NY (NORTH);10573
NY;NY (NORTH);10576
NY;NY (NORTH);10577
NY;NY (NORTH);10578
NY;NY (NORTH);10579
NY;NY (NORTH);10588
NY;NY (NORTH);10589
NY;NY (NORTH);10590
NY;NY (NORTH);10591
NY;NY (NORTH);10594
NY;NY (NORTH);10595
NY;NY (NORTH);10596
NY;NY (NORTH);10597
NY;NY (NORTH);10598
NY;NY (NORTH);10603
NY;NY (NORTH);10604
NY;NY (NORTH);10901
NY;NY (NORTH);10910
NY;NY (NORTH);10911
NY;NY (NORTH);10913
NY;NY (NORTH);10914
NY;NY (NORTH);10917
NY;NY (NORTH);10920
NY;NY (NORTH);10922
NY;NY (NORTH);10923
NY;NY (NORTH);10926
NY;NY (NORTH);10927
NY;NY (NORTH);10928
NY;NY (NORTH);10930
NY;NY (NORTH);10931
NY;NY (NORTH);10950
NY;NY (NORTH);10952
NY;NY (NORTH);10953
NY;NY (NORTH);10954
NY;NY (NORTH);10956
NY;NY (NORTH);10960
NY;NY (NORTH);10962
NY;NY (NORTH);10964
NY;NY (NORTH);10965
NY;NY (NORTH);10968
NY;NY (NORTH);10970
NY;NY (NORTH);10974
NY;NY (NORTH);10975
NY;NY (NORTH);10976
NY;NY (NORTH);10977
NY;NY (NORTH);10979
NY;NY (NORTH);10980
NY;NY (NORTH);10983
NY;NY (NORTH);10984
NY;NY (NORTH);10986
NY;NY (NORTH);10987
NY;NY (NORTH);10989
NY;NY (NORTH);10992
NY;NY (NORTH);10993
NY;NY (NORTH);10994
NY;NY (NORTH);10996
NY;NY (NORTH);12508
NY;NY (NORTH);12512
NY;NY (NORTH);12515
NY;NY (NORTH);12518
NY;NY (NORTH);12520
NY;NY (NORTH);12524
NY;NY (NORTH);12525
NY;NY (NORTH);12527
NY;NY (NORTH);12528
NY;NY (NORTH);12531
NY;NY (NORTH);12533
NY;NY (NORTH);12542
NY;NY (NORTH);12547
NY;NY (NORTH);12548
NY;NY (NORTH);12550
NY;NY (NORTH);12553
NY;NY (NORTH);12561
NY;NY (NORTH);12563
NY;NY (NORTH);12564
NY;NY (NORTH);12575
NY;NY (NORTH);12577
NY;NY (NORTH);12582
NY;NY (NORTH);12586
NY;NY (NORTH);12589
NY;NY (NORTH);12590
NY;NY (NORTH);12601
NY;NY (NORTH);12603
NY;NY (NORTH);12604
NY;NY (SOUTH);07001
NY;NY (SOUTH);07008
NY;NY (SOUTH);07023
NY;NY (SOUTH);07036
NY;NY (SOUTH);07059
NY;NY (SOUTH);07060
NY;NY (SOUTH);07062
NY;NY (SOUTH);07063
NY;NY (SOUTH);07064
NY;NY (SOUTH);07065
NY;NY (SOUTH);07066
NY;NY (SOUTH);07067
NY;NY (SOUTH);07069
NY;NY (SOUTH);07076
NY;NY (SOUTH);07077
NY;NY (SOUTH);07080
NY;NY (SOUTH);07095
NY;NY (SOUTH);07202
NY;NY (SOUTH);07203
NY;NY (SOUTH);07701
NY;NY (SOUTH);07702
NY;NY (SOUTH);07703
NY;NY (SOUTH);07704
NY;NY (SOUTH);07711
NY;NY (SOUTH);07712
NY;NY (SOUTH);07716
NY;NY (SOUTH);07717
NY;NY (SOUTH);07718
NY;NY (SOUTH);07719
NY;NY (SOUTH);07720
NY;NY (SOUTH);07721
NY;NY (SOUTH);07722
NY;NY (SOUTH);07723
NY;NY (SOUTH);07724
NY;NY (SOUTH);07726
NY;NY (SOUTH);07727
NY;NY (SOUTH);07728
NY;NY (SOUTH);07730
NY;NY (SOUTH);07731
NY;NY (SOUTH);07732
NY;NY (SOUTH);07733
NY;NY (SOUTH);07734
NY;NY (SOUTH);07735
NY;NY (SOUTH);07737
NY;NY (SOUTH);07738
NY;NY (SOUTH);07739
NY;NY (SOUTH);07740
NY;NY (SOUTH);07746
NY;NY (SOUTH);07747
NY;NY (SOUTH);07748
NY;NY (SOUTH);07750
NY;NY (SOUTH);07751
NY;NY (SOUTH);07753
NY;NY (SOUTH);07755
NY;NY (SOUTH);07756
NY;NY (SOUTH);07757
NY;NY (SOUTH);07758
NY;NY (SOUTH);07760
NY;NY (SOUTH);07762
NY;NY (SOUTH);07764
NY;NY (NORTH);07830
NY;NY (NORTH);07865
NY;NY (SOUTH);07921
NY;NY (SOUTH);08002
NY;NY (SOUTH);08003
NY;NY (SOUTH);08007
NY;NY (SOUTH);08009
NY;NY (SOUTH);08010
NY;NY (SOUTH);08012
NY;NY (SOUTH);08014
NY;NY (SOUTH);08016
NY;NY (SOUTH);08020
NY;NY (SOUTH);08021
NY;NY (SOUTH);08022
NY;NY (SOUTH);08023
NY;NY (SOUTH);08026
NY;NY (SOUTH);08027
NY;NY (SOUTH);08028
NY;NY (SOUTH);08029
NY;NY (SOUTH);08030
NY;NY (SOUTH);08031
NY;NY (SOUTH);08032
NY;NY (SOUTH);08033
NY;NY (SOUTH);08034
NY;NY (SOUTH);08035
NY;NY (SOUTH);08036
NY;NY (SOUTH);08039
NY;NY (SOUTH);08041
NY;NY (SOUTH);08043
NY;NY (SOUTH);08045
NY;NY (SOUTH);08046
NY;NY (SOUTH);08048
NY;NY (SOUTH);08049
NY;NY (SOUTH);08051
NY;NY (SOUTH);08052
NY;NY (SOUTH);08053
NY;NY (SOUTH);08054
NY;NY (SOUTH);08056
NY;NY (SOUTH);08057
NY;NY (SOUTH);08059
NY;NY (SOUTH);08060
NY;NY (SOUTH);08061
NY;NY (SOUTH);08062
NY;NY (SOUTH);08063
NY;NY (SOUTH);08065
NY;NY (SOUTH);08066
NY;NY (SOUTH);08067
NY;NY (SOUTH);08069
NY;NY (SOUTH);08071
NY;NY (SOUTH);08073
NY;NY (SOUTH);08074
NY;NY (SOUTH);08075
NY;NY (SOUTH);08077
NY;NY (SOUTH);08078
NY;NY (SOUTH);08080
NY;NY (SOUTH);08081
NY;NY (SOUTH);08083
NY;NY (SOUTH);08084
NY;NY (SOUTH);08085
NY;NY (SOUTH);08086
NY;NY (SOUTH);08090
NY;NY (SOUTH);08091
NY;NY (SOUTH);08093
NY;NY (SOUTH);08096
NY;NY (SOUTH);08097
NY;NY (SOUTH);08102
NY;NY (SOUTH);08103
NY;NY (SOUTH);08104
NY;NY (SOUTH);08105
NY;NY (SOUTH);08106
NY;NY (SOUTH);08107
NY;NY (SOUTH);08108
NY;NY (SOUTH);08109
NY;NY (SOUTH);08110
NY;NY (SOUTH);08501
NY;NY (SOUTH);08502
NY;NY (SOUTH);08505
NY;NY (SOUTH);08510
NY;NY (SOUTH);08512
NY;NY (SOUTH);08514
NY;NY (SOUTH);08515
NY;NY (SOUTH);08518
NY;NY (SOUTH);08520
NY;NY (SOUTH);08525
NY;NY (SOUTH);08528
NY;NY (SOUTH);08530
NY;NY (SOUTH);08534
NY;NY (SOUTH);08535
NY;NY (SOUTH);08536
NY;NY (SOUTH);08540
NY;NY (SOUTH);08542
NY;NY (SOUTH);08544
NY;NY (SOUTH);08550
NY;NY (SOUTH);08551
NY;NY (SOUTH);08553
NY;NY (SOUTH);08554
NY;NY (SOUTH);08555
NY;NY (SOUTH);08558
NY;NY (SOUTH);08559
NY;NY (SOUTH);08560
NY;NY (SOUTH);08561
NY;NY (SOUTH);08562
NY;NY (SOUTH);08608
NY;NY (SOUTH);08609
NY;NY (SOUTH);08610
NY;NY (SOUTH);08611
NY;NY (SOUTH);08618
NY;NY (SOUTH);08619
NY;NY (SOUTH);08620
NY;NY (SOUTH);08628
NY;NY (SOUTH);08629
NY;NY (SOUTH);08638
NY;NY (SOUTH);08648
NY;NY (SOUTH);08690
NY;NY (SOUTH);08691
NY;NY (SOUTH);08720
NY;NY (SOUTH);08736
NY;NY (SOUTH);08750
NY;NY (SOUTH);08805
NY;NY (SOUTH);08807
NY;NY (SOUTH);08810
NY;NY (SOUTH);08812
NY;NY (SOUTH);08816
NY;NY (SOUTH);08817
NY;NY (SOUTH);08820
NY;NY (SOUTH);08821
NY;NY (SOUTH);08822
NY;NY (SOUTH);08823
NY;NY (SOUTH);08824
NY;NY (SOUTH);08828
NY;NY (SOUTH);08830
NY;NY (SOUTH);08831
NY;NY (SOUTH);08832
NY;NY (SOUTH);08835
NY;NY (SOUTH);08836
NY;NY (SOUTH);08837
NY;NY (SOUTH);08840
NY;NY (SOUTH);08844
NY;NY (SOUTH);08846
NY;NY (SOUTH);08850
NY;NY (SOUTH);08852
NY;NY (SOUTH);08853
NY;NY (SOUTH);08854
NY;NY (SOUTH);08857
NY;NY (SOUTH);08859
NY;NY (SOUTH);08861
NY;NY (SOUTH);08863
NY;NY (SOUTH);08869
NY;NY (SOUTH);08872
NY;NY (SOUTH);08873
NY;NY (SOUTH);08876
NY;NY (SOUTH);08879
NY;NY (SOUTH);08880
NY;NY (SOUTH);08882
NY;NY (SOUTH);08884
NY;NY (SOUTH);08887
NY;NY (SOUTH);08889
NY;NY (SOUTH);08890
NY;NY (SOUTH);08901
NY;NY (SOUTH);08902
NY;NY (SOUTH);08904
NY;NY (SOUTH);18054
NY;NY (SOUTH);18073
NY;NY (SOUTH);18074
NY;NY (SOUTH);18076
NY;NY (SOUTH);18901
NY;NY (SOUTH);18902
NY;NY (SOUTH);18912
NY;NY (SOUTH);18913
NY;NY (SOUTH);18914
NY;NY (SOUTH);18915
NY;NY (SOUTH);18917
NY;NY (SOUTH);18923
NY;NY (SOUTH);18925
NY;NY (SOUTH);18927
NY;NY (SOUTH);18929
NY;NY (SOUTH);18932
NY;NY (SOUTH);18933
NY;NY (SOUTH);18935
NY;NY (SOUTH);18936
NY;NY (SOUTH);18938
NY;NY (SOUTH);18940
NY;NY (SOUTH);18942
NY;NY (SOUTH);18944
NY;NY (SOUTH);18946
NY;NY (SOUTH);18947
NY;NY (SOUTH);18951
NY;NY (SOUTH);18954
NY;NY (SOUTH);18955
NY;NY (SOUTH);18960
NY;NY (SOUTH);18962
NY;NY (SOUTH);18964
NY;NY (SOUTH);18966
NY;NY (SOUTH);18969
NY;NY (SOUTH);18970
NY;NY (SOUTH);18974
NY;NY (SOUTH);18976
NY;NY (SOUTH);18977
NY;NY (SOUTH);18980
NY;NY (SOUTH);19001
NY;NY (SOUTH);19002
NY;NY (SOUTH);19003
NY;NY (SOUTH);19004
NY;NY (SOUTH);19006
NY;NY (SOUTH);19007
NY;NY (SOUTH);19008
NY;NY (SOUTH);19009
NY;NY (SOUTH);19010
NY;NY (SOUTH);19012
NY;NY (SOUTH);19013
NY;NY (SOUTH);19014
NY;NY (SOUTH);19015
NY;NY (SOUTH);19017
NY;NY (SOUTH);19018
NY;NY (SOUTH);19020
NY;NY (SOUTH);19021
NY;NY (SOUTH);19022
NY;NY (SOUTH);19023
NY;NY (SOUTH);19025
NY;NY (SOUTH);19026
NY;NY (SOUTH);19027
NY;NY (SOUTH);19029
NY;NY (SOUTH);19030
NY;NY (SOUTH);19031
NY;NY (SOUTH);19032
NY;NY (SOUTH);19033
NY;NY (SOUTH);19034
NY;NY (SOUTH);19035
NY;NY (SOUTH);19036
NY;NY (SOUTH);19038
NY;NY (SOUTH);19040
NY;NY (SOUTH);19041
NY;NY (SOUTH);19043
NY;NY (SOUTH);19044
NY;NY (SOUTH);19046
NY;NY (SOUTH);19047
NY;NY (SOUTH);19050
NY;NY (SOUTH);19052
NY;NY (SOUTH);19053
NY;NY (SOUTH);19054
NY;NY (SOUTH);19055
NY;NY (SOUTH);19056
NY;NY (SOUTH);19057
NY;NY (SOUTH);19060
NY;NY (SOUTH);19061
NY;NY (SOUTH);19063
NY;NY (SOUTH);19064
NY;NY (SOUTH);19066
NY;NY (SOUTH);19067
NY;NY (SOUTH);19070
NY;NY (SOUTH);19072
NY;NY (SOUTH);19073
NY;NY (SOUTH);19074
NY;NY (SOUTH);19075
NY;NY (SOUTH);19076
NY;NY (SOUTH);19078
NY;NY (SOUTH);19079
NY;NY (SOUTH);19081
NY;NY (SOUTH);19082
NY;NY (SOUTH);19083
NY;NY (SOUTH);19085
NY;NY (SOUTH);19086
NY;NY (SOUTH);19087
NY;NY (SOUTH);19090
NY;NY (SOUTH);19094
NY;NY (SOUTH);19095
NY;NY (SOUTH);19096
NY;NY (SOUTH);19102
NY;NY (SOUTH);19103
NY;NY (SOUTH);19104
NY;NY (SOUTH);19106
NY;NY (SOUTH);19107
NY;NY (SOUTH);19108
NY;NY (SOUTH);19109
NY;NY (SOUTH);19111
NY;NY (SOUTH);19112
NY;NY (SOUTH);19113
NY;NY (SOUTH);19114
NY;NY (SOUTH);19115
NY;NY (SOUTH);19116
NY;NY (SOUTH);19118
NY;NY (SOUTH);19119
NY;NY (SOUTH);19120
NY;NY (SOUTH);19121
NY;NY (SOUTH);19122
NY;NY (SOUTH);19123
NY;NY (SOUTH);19124
NY;NY (SOUTH);19125
NY;NY (SOUTH);19126
NY;NY (SOUTH);19127
NY;NY (SOUTH);19128
NY;NY (SOUTH);19129
NY;NY (SOUTH);19130
NY;NY (SOUTH);19131
NY;NY (SOUTH);19132
NY;NY (SOUTH);19133
NY;NY (SOUTH);19134
NY;NY (SOUTH);19135
NY;NY (SOUTH);19136
NY;NY (SOUTH);19137
NY;NY (SOUTH);19138
NY;NY (SOUTH);19139
NY;NY (SOUTH);19140
NY;NY (SOUTH);19141
NY;NY (SOUTH);19142
NY;NY (SOUTH);19143
NY;NY (SOUTH);19144
NY;NY (SOUTH);19145
NY;NY (SOUTH);19146
NY;NY (SOUTH);19147
NY;NY (SOUTH);19148
NY;NY (SOUTH);19149
NY;NY (SOUTH);19150
NY;NY (SOUTH);19151
NY;NY (SOUTH);19152
NY;NY (SOUTH);19153
NY;NY (SOUTH);19154
NY;NY (SOUTH);19301
NY;NY (SOUTH);19312
NY;NY (SOUTH);19317
NY;NY (SOUTH);19319
NY;NY (SOUTH);19333
NY;NY (SOUTH);19335
NY;NY (SOUTH);19341
NY;NY (SOUTH);19342
NY;NY (SOUTH);19345
NY;NY (SOUTH);19355
NY;NY (SOUTH);19373
NY;NY (SOUTH);19380
NY;NY (SOUTH);19382
NY;NY (SOUTH);19383
NY;NY (SOUTH);19401
NY;NY (SOUTH);19403
NY;NY (SOUTH);19405
NY;NY (SOUTH);19406
NY;NY (SOUTH);19422
NY;NY (SOUTH);19425
NY;NY (SOUTH);19426
NY;NY (SOUTH);19428
NY;NY (SOUTH);19436
NY;NY (SOUTH);19437
NY;NY (SOUTH);19438
NY;NY (SOUTH);19440
NY;NY (SOUTH);19442
NY;NY (SOUTH);19444
NY;NY (SOUTH);19446
NY;NY (SOUTH);19453
NY;NY (SOUTH);19454
NY;NY (SOUTH);19456
NY;NY (SOUTH);19460
NY;NY (SOUTH);19462
NY;NY (SOUTH);19468
NY;NY (SOUTH);19473
NY;NY (SOUTH);19474
NY;NY (SOUTH);19475
NY;NY (SOUTH);19477
NY;NY (SOUTH);19490
NY;NY (SOUTH);19492
NY;NY (SOUTH);19703
NY;NY (SOUTH);19707
NY;NY (SOUTH);19710
NY;NY (SOUTH);19732
NY;NY (SOUTH);19735
NY;NY (SOUTH);19736
NY;NY (SOUTH);19801
NY;NY (SOUTH);19802
NY;NY (SOUTH);19803
NY;NY (SOUTH);19804
NY;NY (SOUTH);19805
NY;NY (SOUTH);19806
NY;NY (SOUTH);19807
NY;NY (SOUTH);19808
NY;NY (SOUTH);19809
NY;NY (SOUTH);19810
NY;NYC;07002
NY;NYC;07010
NY;NYC;07022
NY;NYC;07029
NY;NYC;07030
NY;NYC;07032
NY;NYC;07047
NY;NYC;07086
NY;NYC;07087
NY;NYC;07093
NY;NYC;07094
NY;NYC;07102
NY;NYC;07105
NY;NYC;07114
NY;NYC;07201
NY;NYC;07206
NY;NYC;07302
NY;NYC;07304
NY;NYC;07305
NY;NYC;07306
NY;NYC;07307
NY;NYC;07310
NY;NYC;07311
NY;NYC;07657
NY;NYC;10001
NY;NYC;10002
NY;NYC;10003
NY;NYC;10004
NY;NYC;10005
NY;NYC;10006
NY;NYC;10007
NY;NYC;10009
NY;NYC;10010
NY;NYC;10011
NY;NYC;10012
NY;NYC;10013
NY;NYC;10014
NY;NYC;10016
NY;NYC;10017
NY;NYC;10018
NY;NYC;10019
NY;NYC;10020
NY;NYC;10021
NY;NYC;10022
NY;NYC;10023
NY;NYC;10024
NY;NYC;10025
NY;NYC;10026
NY;NYC;10027
NY;NYC;10028
NY;NYC;10029
NY;NYC;10030
NY;NYC;10031
NY;NYC;10032
NY;NYC;10033
NY;NYC;10034
NY;NYC;10035
NY;NYC;10036
NY;NYC;10037
NY;NYC;10038
NY;NYC;10039
NY;NYC;10040
NY;NYC;10044
NY;NYC;10065
NY;NYC;10069
NY;NYC;10075
NY;NYC;10103
NY;NYC;10110
NY;NYC;10111
NY;NYC;10112
NY;NYC;10115
NY;NYC;10119
NY;NYC;10128
NY;NYC;10152
NY;NYC;10153
NY;NYC;10154
NY;NYC;10162
NY;NYC;10165
NY;NYC;10167
NY;NYC;10168
NY;NYC;10169
NY;NYC;10170
NY;NYC;10171
NY;NYC;10172
NY;NYC;10173
NY;NYC;10174
NY;NYC;10177
NY;NYC;10199
NY;NYC;10271
NY;NYC;10278
NY;NYC;10279
NY;NYC;10280
NY;NYC;10282
NY;NYC;10301
NY;NYC;10302
NY;NYC;10303
NY;NYC;10304
NY;NYC;10305
NY;NYC;10306
NY;NYC;10307
NY;NYC;10308
NY;NYC;10309
NY;NYC;10310
NY;NYC;10311
NY;NYC;10312
NY;NYC;10314
NY;NYC;10451
NY;NYC;10452
NY;NYC;10453
NY;NYC;10454
NY;NYC;10455
NY;NYC;10456
NY;NYC;10457
NY;NYC;10458
NY;NYC;10459
NY;NYC;10460
NY;NYC;10461
NY;NYC;10462
NY;NYC;10463
NY;NYC;10464
NY;NYC;10465
NY;NYC;10466
NY;NYC;10467
NY;NYC;10468
NY;NYC;10469
NY;NYC;10470
NY;NYC;10471
NY;NYC;10472
NY;NYC;10473
NY;NYC;10474
NY;NYC;10475
NY;NYC;10502
NY;NYC;10503
NY;NYC;10522
NY;NYC;10528
NY;NYC;10530
NY;NYC;10533
NY;NYC;10538
NY;NYC;10543
NY;NYC;10550
NY;NYC;10552
NY;NYC;10553
NY;NYC;10580
NY;NYC;10583
NY;NYC;10601
NY;NYC;10605
NY;NYC;10606
NY;NYC;10607
NY;NYC;10701
NY;NYC;10703
NY;NYC;10704
NY;NYC;10705
NY;NYC;10706
NY;NYC;10707
NY;NYC;10708
NY;NYC;10709
NY;NYC;10710
NY;NYC;10801
NY;NYC;10803
NY;NYC;10804
NY;NYC;10805
NY;NYC;11001
NY;NYC;11003
NY;NYC;11004
NY;NYC;11005
NY;NYC;11010
NY;NYC;11020
NY;NYC;11021
NY;NYC;11023
NY;NYC;11024
NY;NYC;11030
NY;NYC;11040
NY;NYC;11042
NY;NYC;11050
NY;NYC;11096
NY;NYC;11101
NY;NYC;11102
NY;NYC;11103
NY;NYC;11104
NY;NYC;11105
NY;NYC;11106
NY;NYC;11109
NY;NYC;11201
NY;NYC;11203
NY;NYC;11204
NY;NYC;11205
NY;NYC;11206
NY;NYC;11207
NY;NYC;11208
NY;NYC;11209
NY;NYC;11210
NY;NYC;11211
NY;NYC;11212
NY;NYC;11213
NY;NYC;11214
NY;NYC;11215
NY;NYC;11216
NY;NYC;11217
NY;NYC;11218
NY;NYC;11219
NY;NYC;11220
NY;NYC;11221
NY;NYC;11222
NY;NYC;11223
NY;NYC;11224
NY;NYC;11225
NY;NYC;11226
NY;NYC;11228
NY;NYC;11229
NY;NYC;11230
NY;NYC;11231
NY;NYC;11232
NY;NYC;11233
NY;NYC;11234
NY;NYC;11235
NY;NYC;11236
NY;NYC;11237
NY;NYC;11238
NY;NYC;11239
NY;NYC;11249
NY;NYC;11354
NY;NYC;11355
NY;NYC;11356
NY;NYC;11357
NY;NYC;11358
NY;NYC;11359
NY;NYC;11360
NY;NYC;11361
NY;NYC;11362
NY;NYC;11363
NY;NYC;11364
NY;NYC;11365
NY;NYC;11366
NY;NYC;11367
NY;NYC;11368
NY;NYC;11369
NY;NYC;11370
NY;NYC;11371
NY;NYC;11372
NY;NYC;11373
NY;NYC;11374
NY;NYC;11375
NY;NYC;11377
NY;NYC;11378
NY;NYC;11379
NY;NYC;11385
NY;NYC;11411
NY;NYC;11412
NY;NYC;11413
NY;NYC;11414
NY;NYC;11415
NY;NYC;11416
NY;NYC;11417
NY;NYC;11418
NY;NYC;11419
NY;NYC;11420
NY;NYC;11421
NY;NYC;11422
NY;NYC;11423
NY;NYC;11424
NY;NYC;11426
NY;NYC;11427
NY;NYC;11428
NY;NYC;11429
NY;NYC;11430
NY;NYC;11432
NY;NYC;11433
NY;NYC;11434
NY;NYC;11435
NY;NYC;11436
NY;NYC;11439
NY;NYC;11451
NY;NYC;11501
NY;NYC;11507
NY;NYC;11509
NY;NYC;11510
NY;NYC;11514
NY;NYC;11516
NY;NYC;11518
NY;NYC;11520
NY;NYC;11530
NY;NYC;11549
NY;NYC;11550
NY;NYC;11552
NY;NYC;11553
NY;NYC;11554
NY;NYC;11556
NY;NYC;11557
NY;NYC;11558
NY;NYC;11559
NY;NYC;11561
NY;NYC;11563
NY;NYC;11565
NY;NYC;11566
NY;NYC;11568
NY;NYC;11569
NY;NYC;11570
NY;NYC;11572
NY;NYC;11575
NY;NYC;11576
NY;NYC;11577
NY;NYC;11580
NY;NYC;11581
NY;NYC;11590
NY;NYC;11596
NY;NYC;11598
NY;NYC;11691
NY;NYC;11692
NY;NYC;11693
NY;NYC;11694
NY;NYC;11697
NY;NYC;11710
